real_name,pname:wel_inst:0_ptype:gr_usecol:3_pstyle:d_idx0:84_idx1:0_idx2:1799,pname:wel_inst:0_ptype:gr_usecol:3_pstyle:d_idx0:69_idx1:0_idx2:1799,pname:wel_inst:0_ptype:gr_usecol:3_pstyle:d_idx0:54_idx1:0_idx2:1799,pname:wel_inst:0_ptype:gr_usecol:3_pstyle:d_idx0:39_idx1:0_idx2:1799,pname:wel_inst:0_ptype:gr_usecol:3_pstyle:d_idx0:84_idx1:0_idx2:1249,pname:wel_inst:0_ptype:gr_usecol:3_pstyle:d_idx0:69_idx1:0_idx2:1249,pname:wel_inst:0_ptype:gr_usecol:3_pstyle:d_idx0:54_idx1:0_idx2:1249,pname:wel_inst:0_ptype:gr_usecol:3_pstyle:d_idx0:39_idx1:0_idx2:1249,ar_xdist,ar_ydist,ar_rate,ar_screens,ar_conc
gen=12_member=1113_pso,0,0,-5,-5,-5,-5,-5,-5,1926,40,5.8138,1,0
gen=13_member=1281_pso,0,0,-5,-5,-5,-5,-5,-5,1926,40,8,1,0
gen=12_member=1199_pso,0,0,-5,-5,-5,-5,-5,-5,1926,40,5.899,1,0
gen=13_member=1246_pso,0,0,-5,-5,-5,-5,-5,-5,1926,41.6673,6.83152,1,0
gen=11_member=1021_pso,0,0,-5,-5,-5,-5,-5,-5,1926,40,5.98113,1,0
gen=12_member=1147_pso,0,0,-5,-5,-5,-5,-5,-5,1926,40,6.9996,1,0
gen=12_member=1114_pso,0,0,-5,-5,-5,-5,-5,-5,1926,40,6.71305,1,0
gen=12_member=1123_pso,0,0,-5,-5,-5,-5,-5,-5,1926,40,6.63995,1,0
gen=13_member=1238_pso,0,0,-5,-5,-5,-5,-5,-5,1926,40,7.09517,1,0
gen=13_member=1244_pso,0,0,-5,-5,-5,-5,-5,-5,1926,40,5.95075,1,0
gen=13_member=1220_pso,0,0,-5,-5,-5,-5,-5,-5,1926,40,6.00671,1,0
gen=12_member=1164_pso,0,0,-5,-5,-5,-5,-5,-5,1926,40,6.31812,1,0
gen=12_member=1134_pso,0,0,-5,-5,-5,-5,-5,-5,1926,40,6.2792,1,0
gen=13_member=1214_pso,0,0,-5,-5,-5,-5,-5,-5,1926,40,6.08107,1,0
gen=12_member=1118_pso,0,0,-5,-5,-5,-5,-5,-5,1926,40,6.22525,1,0
gen=12_member=1112_pso,0,0,-5,-5,-5,-5,-5,-5,1926,40,6.36833,1,0
gen=12_member=1126_pso,0,0,-5,-5,-5,-5,-5,-5,1926,40,6.42321,1,0
gen=13_member=1265_pso,0,0,-5,-5,-5,-5,-5,-5,1926,40,6.57426,1,0
gen=12_member=1174_pso,0,0,-5,-5,-5,-5,-5,-5,1926,40,6.06029,1,0
gen=13_member=1231_pso,0,0,-5,-5,-5,-5,-5,-5,1926,40,6.67305,1,0
gen=13_member=1273_pso,0,0,-5,-5,-5,-5,-5,-5,1926,40,6.03037,1,0
gen=13_member=1206_pso,0,0,-5,-5,-5,-5,-5,-5,1926,40,6.9893,1,0
gen=11_member=1082_pso,0,0,-5,-5,-5,-5,-5,-5,1926,42.3437,6.20015,1,0
gen=13_member=1251_pso,0,0,-5,-5,-5,-5,-5,-5,1926,40,5.92055,1,0
gen=13_member=1274_pso,0,0,-5,-5,-5,-5,-5,-5,1926,40,6.46526,1,0
gen=12_member=1191_pso,0,0,-5,-5,-5,-5,-5,-5,1926,40,6.02191,1,0
gen=11_member=1012_pso,0,0,-5,-5,-5,-5,-5,-5,1926,40,6.23902,1,0
gen=13_member=1260_pso,0,0,-5,-5,-5,-5,-5,-5,1926,40,6.34798,1,0
gen=11_member=1073_pso,0,0,-5,-5,-5,-5,-5,-5,1926,40,6.904,1,0
gen=13_member=1225_pso,0,0,-5,-5,-5,-5,-5,-5,1926,40,6.13755,1,0
gen=13_member=1284_pso,0,0,-5,-5,-5,-5,-5,-5,1926,40,6.11871,1,0
gen=13_member=1210_pso,0,0,-5,-5,-5,-5,-5,-5,1926,40,5.9382,1,0
gen=13_member=1293_pso,0,0,-5,-5,-5,-5,-5,-5,1926,40,6.37951,1,0
gen=13_member=1232_pso,0,0,-5,-5,-5,-5,-5,-5,1926,40,6.53405,1,0
gen=13_member=1218_pso,0,0,-5,-5,-5,-5,-5,-5,1926,40,6.56572,1,0
gen=13_member=1282_pso,0,0,-5,-5,-5,-5,-5,-5,1926,40,6.50209,1,0
gen=12_member=1151_pso,0,0,-5,-5,-5,-5,-5,-5,1926,44.3843,6.18554,1,0
gen=13_member=1234_pso,0,0,-5,-5,-5,-5,-5,-5,1926,40,6.049,1,0
gen=13_member=1222_pso,0,0,-5,-5,-5,-5,-5,-5,1926,41.4997,6.47353,1,0
gen=12_member=1171_pso,0,0,-5,-5,-5,-5,-5,-5,1926,40,6.33308,1,0
gen=13_member=1208_pso,0,0,-5,-5,-5,-5,-5,-5,1926,40,6.25993,1,0
gen=13_member=1299_pso,0,0,-5,-5,-5,-5,-5,-5,1926,40,6.10411,1,0
gen=11_member=1051_pso,0,0,-5,-5,-5,-5,-5,-5,1926,40,6.16873,1,0
gen=12_member=1104_pso,0,0,-5,-5,-5,-5,-5,-5,1926,40,6.70644,1,0
gen=12_member=1115_pso,0,0,-5,-5,-5,-5,-5,-5,1926,40,6.11093,1,0
gen=12_member=1148_pso,0,0,-5,-5,-5,-5,-5,-5,1926,40,6.19188,1,0
gen=13_member=1235_pso,0,0,-5,-5,-5,-5,-5,-5,1926,40,6.1531,1,0
gen=13_member=1224_pso,0,0,-5,-5,-5,-5,-5,-5,1926,40,6.40293,1,0
gen=12_member=1110_pso,0,0,-5,-5,-5,-5,-5,-5,1926,40,6.51049,1,0
gen=13_member=1216_pso,0,0,-5,-5,-5,-5,-5,-5,1926,40,6.15266,1,0
gen=12_member=1107_pso,0,0,-5,-5,-5,-5,-5,-5,1926,40,5.93517,1,0
gen=13_member=1213_pso,0,0,-5,-5,-5,-5,-5,-5,1926,40,6.39269,1,0
gen=13_member=1211_pso,0,0,-5,-5,-5,-5,-5,-5,1926,40,6.85146,1,0
gen=11_member=1043_pso,0,0,-5,-5,-5,-5,-5,-5,1926,40,5.92614,1,0
gen=13_member=1207_pso,0,0,-5,-5,-5,-5,-5,-5,1926,40,7.15158,1,0
gen=12_member=1127_pso,0,0,-5,-5,-5,-5,-5,-5,1926,40,6.52377,1,0
gen=11_member=1095_pso,0,0,-5,-5,-5,-5,-5,-5,1926,43.0952,6.11044,1,0
gen=12_member=1109_pso,0,0,-5,-5,-5,-5,-5,-5,1926,40,6.87678,1,0
gen=13_member=1262_pso,0,0,-5,-5,-5,-5,-5,-5,1926,40,6.26874,1,0
gen=11_member=1014_pso,0,0,-5,-5,-5,-5,-5,-5,1926,40,6.05025,1,0
gen=13_member=1257_pso,0,0,-5,-5,-5,-5,-5,-5,1926,40,6.41722,1,0
gen=13_member=1248_pso,0,0,-5,-5,-5,-5,-5,-5,1926,43.3125,6.90281,1,0
gen=13_member=1223_pso,0,0,-5,-5,-5,-5,-5,-5,1926,40,6.38311,1,0
gen=13_member=1292_pso,0,0,-5,-5,-5,-5,-5,-5,1926,40,7.10894,1,0
gen=13_member=1239_pso,0,0,-5,-5,-5,-5,-5,-5,1926,40,6.87231,1,0
gen=13_member=1261_pso,0,0,-5,-5,-5,-5,-5,-5,1926,54.1022,7.45579,1,0
gen=13_member=1241_pso,0,0,-5,-5,-5,-5,-5,-5,1926,40,7.23175,1,0
gen=13_member=1221_pso,0,0,-5,-5,-5,-5,-5,-5,1926,40,7.20475,1,0
gen=12_member=1133_pso,0,0,-5,-5,-5,-5,-5,-5,1926,40,6.41383,1,0
gen=13_member=1212_pso,0,0,-5,-5,-5,-5,-5,-5,1926,40,7.55441,1,0
gen=13_member=1215_pso,0,0,-5,-5,-5,-5,-5,-5,1926,40,6.26537,1,0
gen=11_member=1049_pso,0,0,-5,-5,-5,-5,-5,-5,1926,40,7.27439,1,0
gen=12_member=1140_pso,0,0,-5,-5,-5,-5,-5,-5,1926,40,7.39101,1,0
gen=13_member=1202_pso,0,0,-5,-5,-5,-5,-5,-5,1926,40,6.57331,1,0
gen=13_member=1297_pso,0,0,-5,-5,-5,-5,-5,-5,1926,40,7.31823,1,0
gen=11_member=1031_pso,0,0,-5,-5,-5,-5,-5,-5,1926,47.0456,7.22864,1,0
gen=12_member=1158_pso,0,0,-5,-5,-5,-5,-5,-5,1926,40,6.85595,1,0
gen=12_member=1102_pso,0,0,-5,-5,-5,-5,-5,-5,1926,40,7.29182,1,0
gen=13_member=1255_pso,0,0,-5,-5,-5,-5,-5,-5,1926,40,7.30179,1,0
gen=13_member=1298_pso,0,0,-5,-5,-5,-5,-5,-5,1926,40,6.3856,1,0
gen=13_member=1256_pso,0,0,-5,-5,-5,-5,-5,-5,1926,48.5134,7.41072,1,0
gen=12_member=1155_pso,0,0,-5,-5,-5,-5,-5,-5,1926,40,6.85847,1,0
gen=13_member=1285_pso,0,0,-5,-5,-5,-5,-5,-5,1926,42.4199,7.79106,1,0
gen=13_member=1280_pso,0,0,-5,-5,-5,-5,-5,-5,1926,40,7.67458,1,0
gen=13_member=1242_pso,0,0,-5,-5,-5,-5,-5,-5,1926,40,7.57985,1,0
gen=13_member=1283_pso,0,0,-5,-5,-5,-5,-5,-5,1926,40,7.7444,1,0
gen=13_member=1272_pso,0,0,-5,-5,-5,-5,-5,-5,1926,40,7.09923,1,0
gen=13_member=1294_pso,0,0,-5,-5,-5,-5,-5,-5,1926,40,7.62245,1,0
gen=12_member=1176_pso,0,0,-5,-5,-5,-5,-5,-5,1926,45.3237,7.6362,1,0
gen=13_member=1204_pso,0,0,-5,-5,-5,-5,-5,-5,1926,40,7.31479,1,0
gen=11_member=1005_pso,0,0,-5,-5,-5,-5,-5,-5,1926,50.8523,5.85876,1,0
